{
    "pos": {
        "x": -288.9444885253906,
        "y": -58.039276123046878,
        "z": -573.335205078125
    },
    "isBoss": false
}