{
    "pos": {
        "x": -275.8129577636719,
        "y": -58.039276123046878,
        "z": -581.6904907226563
    },
    "isBoss": false
}