{
    "pos": {
        "x": -75.65455627441406,
        "y": -52.875953674316409,
        "z": -704.6531982421875
    },
    "isBoss": false
}