{
    "pos": {
        "x": -286.2410583496094,
        "y": -58.039276123046878,
        "z": -575.7608032226563
    },
    "isBoss": false
}