{
    "pos": {
        "x": -294.9124450683594,
        "y": -58.039276123046878,
        "z": -565.6561889648438
    },
    "isBoss": false
}