{
    "x": -75.79545593261719,
    "y": -52.657508850097659,
    "z": -710.5784301757813
}